<preCompilationAnalysis file="../src/dataIO.xc">
<fDef name="_safe_memcmp" global="true" noreturn="false" doNotSpecialize="true" numParams="3"/>
<fDef name="_safe_memmove" global="true" noreturn="false" doNotSpecialize="true" numParams="3"/>
<fDef name="_safe_memset" global="true" noreturn="false" doNotSpecialize="true" numParams="3"/>
<fDef name="data_IO_listener" global="true" noreturn="true" doNotSpecialize="false" numParams="2"/>
<fDef name="delay_microseconds" global="true" noreturn="false" doNotSpecialize="true" numParams="1"/>
<fDef name="delay_milliseconds" global="true" noreturn="false" doNotSpecialize="true" numParams="1"/>
<fDef name="delay_seconds" global="true" noreturn="false" doNotSpecialize="true" numParams="1"/>
<fCall name="delay_ticks_longlong" global="true" numArgs="1">
  <arg num="0">
    <values>
      <value type="unknown"/>
    </values>
  </arg>
</fCall>
<fCall name="delay_ticks_longlong" global="true" numArgs="1">
  <arg num="0">
    <values>
      <value type="unknown"/>
    </values>
  </arg>
</fCall>
<fCall name="delay_ticks_longlong" global="true" numArgs="1">
  <arg num="0">
    <values>
      <value type="unknown"/>
    </values>
  </arg>
</fCall>
<fCall name="memcmp" global="true" numArgs="3">
  <arg num="0">
    <values>
      <value type="unknown"/>
    </values>
  </arg>
  <arg num="1">
    <values>
      <value type="unknown"/>
    </values>
  </arg>
  <arg num="2">
    <passThroughArg param="2" caller="_safe_memcmp" global="true"/>
    <values>
    </values>
  </arg>
</fCall>
<fCall name="__builtin_array_bound" global="true" numArgs="1">
  <arg num="0">
    <values>
      <value type="unknown"/>
    </values>
  </arg>
</fCall>
<fCall name="__builtin_trap" global="true" numArgs="0">
</fCall>
<fCall name="memmove" global="true" numArgs="3">
  <arg num="0">
    <values>
      <value type="unknown"/>
    </values>
  </arg>
  <arg num="1">
    <values>
      <value type="unknown"/>
    </values>
  </arg>
  <arg num="2">
    <passThroughArg param="2" caller="_safe_memmove" global="true"/>
    <values>
    </values>
  </arg>
</fCall>
<fCall name="__builtin_array_bound" global="true" numArgs="1">
  <arg num="0">
    <values>
      <value type="unknown"/>
    </values>
  </arg>
</fCall>
<fCall name="__builtin_trap" global="true" numArgs="0">
</fCall>
<fCall name="memset" global="true" numArgs="3">
  <arg num="0">
    <values>
      <value type="unknown"/>
    </values>
  </arg>
  <arg num="1">
    <passThroughArg param="1" caller="_safe_memset" global="true"/>
    <values>
    </values>
  </arg>
  <arg num="2">
    <passThroughArg param="2" caller="_safe_memset" global="true"/>
    <values>
    </values>
  </arg>
</fCall>
<fCall name="__builtin_pins_ne" global="true" numArgs="2">
  <arg num="0">
    <values>
      <value type="unknown"/>
    </values>
  </arg>
  <arg num="1">
    <values>
      <value type="intval"><intval isSigned="true" val="15"/></value>
    </values>
  </arg>
</fCall>
</preCompilationAnalysis>
