<preCompilationAnalysis file="../src/pgmIO.c">
  <fCall global="true" name="_openinpgm"/>
  <fCall global="true" name="_openinpgm.nstackwords"/>
  <fCall global="true" name="fopen.nstackwords"/>
  <fCall global="true" name="sscanf.nstackwords"/>
  <fCall global="true" name="fgets.nstackwords"/>
  <fCall global="true" name="iprintf.nstackwords"/>
  <fCall global="true" name="_openinpgm.maxcores"/>
  <fCall global="true" name="fgets.maxcores"/>
  <fCall global="true" name="fopen.maxcores"/>
  <fCall global="true" name="iprintf.maxcores"/>
  <fCall global="true" name="sscanf.maxcores"/>
  <fCall global="true" name="_openinpgm.maxtimers"/>
  <fCall global="true" name="fgets.maxtimers"/>
  <fCall global="true" name="fopen.maxtimers"/>
  <fCall global="true" name="iprintf.maxtimers"/>
  <fCall global="true" name="sscanf.maxtimers"/>
  <fCall global="true" name="_openinpgm.maxchanends"/>
  <fCall global="true" name="fgets.maxchanends"/>
  <fCall global="true" name="fopen.maxchanends"/>
  <fCall global="true" name="iprintf.maxchanends"/>
  <fCall global="true" name="sscanf.maxchanends"/>
  <fCall global="true" name="_readinline"/>
  <fCall global="true" name="_readinline.nstackwords"/>
  <fCall global="true" name="fread.nstackwords"/>
  <fCall global="true" name="_readinline.maxcores"/>
  <fCall global="true" name="fread.maxcores"/>
  <fCall global="true" name="_readinline.maxtimers"/>
  <fCall global="true" name="fread.maxtimers"/>
  <fCall global="true" name="_readinline.maxchanends"/>
  <fCall global="true" name="fread.maxchanends"/>
  <fCall global="true" name="_closeinpgm"/>
  <fCall global="true" name="_closeinpgm.nstackwords"/>
  <fCall global="true" name="fclose.nstackwords"/>
  <fCall global="true" name="puts.nstackwords"/>
  <fCall global="true" name="_closeinpgm.maxcores"/>
  <fCall global="true" name="fclose.maxcores"/>
  <fCall global="true" name="puts.maxcores"/>
  <fCall global="true" name="_closeinpgm.maxtimers"/>
  <fCall global="true" name="fclose.maxtimers"/>
  <fCall global="true" name="puts.maxtimers"/>
  <fCall global="true" name="_closeinpgm.maxchanends"/>
  <fCall global="true" name="fclose.maxchanends"/>
  <fCall global="true" name="puts.maxchanends"/>
  <fCall global="true" name="_openoutpgm"/>
  <fCall global="true" name="_openoutpgm.nstackwords"/>
  <fCall global="true" name="siprintf.nstackwords"/>
  <fCall global="true" name="fputs.nstackwords"/>
  <fCall global="true" name="_openoutpgm.maxcores"/>
  <fCall global="true" name="fputs.maxcores"/>
  <fCall global="true" name="siprintf.maxcores"/>
  <fCall global="true" name="_openoutpgm.maxtimers"/>
  <fCall global="true" name="fputs.maxtimers"/>
  <fCall global="true" name="siprintf.maxtimers"/>
  <fCall global="true" name="_openoutpgm.maxchanends"/>
  <fCall global="true" name="fputs.maxchanends"/>
  <fCall global="true" name="siprintf.maxchanends"/>
  <fCall global="true" name="_writeoutline"/>
  <fCall global="true" name="_writeoutline.nstackwords"/>
  <fCall global="true" name="fwrite.nstackwords"/>
  <fCall global="true" name="_writeoutline.maxcores"/>
  <fCall global="true" name="fwrite.maxcores"/>
  <fCall global="true" name="_writeoutline.maxtimers"/>
  <fCall global="true" name="fwrite.maxtimers"/>
  <fCall global="true" name="_writeoutline.maxchanends"/>
  <fCall global="true" name="fwrite.maxchanends"/>
  <fCall global="true" name="_closeoutpgm"/>
  <fCall global="true" name="_closeoutpgm.nstackwords"/>
  <fCall global="true" name="_closeoutpgm.maxcores"/>
  <fCall global="true" name="_closeoutpgm.maxtimers"/>
  <fCall global="true" name="_closeoutpgm.maxchanends"/>
  <fCall global="true" name="_writepgm"/>
  <fCall global="true" name="_writepgm.nstackwords"/>
  <fCall global="true" name="_writepgm.maxcores"/>
  <fCall global="true" name="_writepgm.maxtimers"/>
  <fCall global="true" name="_writepgm.maxchanends"/>
  <fCall global="true" name="_readpgm"/>
  <fCall global="true" name="_readpgm.nstackwords"/>
  <fCall global="true" name="_readpgm.maxcores"/>
  <fCall global="true" name="_readpgm.maxtimers"/>
  <fCall global="true" name="_readpgm.maxchanends"/>
  <fCall global="true" name="_INFP"/>
  <fCall global="true" name="_OUTFP"/>
  <fCall global="true" name="fopen"/>
  <fCall global="true" name="fgets"/>
  <fCall global="true" name="sscanf"/>
  <fCall global="true" name="fread"/>
  <fCall global="true" name="fclose"/>
  <fCall global="true" name="fwrite"/>
  <fCall global="true" name="iprintf"/>
  <fCall global="true" name="puts"/>
  <fCall global="true" name="siprintf"/>
  <fCall global="true" name="fputs"/>
</preCompilationAnalysis>
